{"overall_coherence": 0.8466726861116828, "topic_coherences": [0.9759694630510353, 0.9998401757173511, 0.6097178235097069, 0.5315009053271162, 0.7495922544348003, 0.32708706511649643, 0.7591095801889126, 0.9431559849387975, 0.9989968860526212, 0.9994210452010381, 0.8138469187261659, 0.999262790289636, 0.9971722276467911, 0.999262790289636, 0.9971722276467911, 0.5909490735860246, 0.5503838124277134, 0.288349283192334, 0.9991900723980505, 0.9965460491550682, 0.9781045800762966, 0.9994210452010381, 0.9971722276467911, 0.9991900723980505, 0.9994210452010381, 0.6084706387855447, 0.3520930792955586, 0.9475670152177218, 0.42861522753702375, 0.4725176889410275, 0.9536056433004514, 0.43530044290458425, 0.9887348234013273, 0.9921656286532577, 0.9921656286532577, 0.9921656286532577, 0.999365618720276, 0.9846462963569722, 0.999365618720276, 0.9921656286532577, 0.9921656286532577, 0.9921656286532577, 0.9999895976815942, 0.9921656286532577, 0.9990518194614613, 0.9921656286532577, 0.999262790289636, 0.9994210452010381, 0.9983325623151916, 0.9870342837591297, 0.9039845421879364, 0.9425000988909957, 0.999262790289636, 0.9921656286532577, 0.9921656286532577, 0.9576951776848095, 0.9999895976815942, 0.9921656286532577, 0.9997954349162195, 0.9971722276467911, 0.9921656286532577, 0.9997798583833367, 0.9921656286532577, 0.9915058807313131, 0.9990518194614613, 0.6729306373862737, 0.9921656286532577, 0.41900850023862646, 0.9983325623151916, 0.9921656286532577, 0.5530669972669556, 0.999262790289636, 0.558314408091519, 0.9874017523122358, 0.9964829982651828, 0.9870342837591297, 0.6166079698849635, 0.9999650778411919, 0.22850563886633896, 0.999768124844227, 0.9964829982651828, 0.9964681829241062, 0.999262790289636, 0.5083188315715612, 0.9991682527462876, 0.8655629723603071, 0.44736816681517094, 0.9964829982651828, 0.9596621795821596, 0.9761602762901018, 0.9887348234013273, 0.25067228609450204, 0.3195278733252759, 0.9921656286532577, 0.9967136634022706, 0.9991682527462876, 0.9989671346573716, 0.999768124844227, 0.8464694386207203, 0.9788502773967287, 0.2969488043695116, 0.999729337478918, 0.9971722276467911, 0.6747511418876445, 0.9999650778411919, 0.6954483790623753, 0.39070883808058593, 0.9981658369849653, 0.6956658891151741, 0.7536226452950996, 0.6383404063837842, 0.9123759452586435, 0.1327497349521714, 0.9939202109566396, 0.29157312368376925, 0.9887439794082917, 0.9821940047484672, 0.8019435711586548, 0.9987008295793898, 0.24123698950274503, 0.5881229136673446, 0.8104893583139597, 0.9999419089663283, 0.999768124844227, 0.9996069096270135, 0.9967136634022706, 0.9461800315956804, 0.8958123943010632, 0.9720593334927577, 0.9955996744789923, 0.9989964599771962, 0.9999650778411919, 0.7822766963587835, 0.5317946406132531, 0.23585235145859082, 0.7715590987425297, 0.8993227077133193, 0.8502182166621726, 0.5222294741438782, 0.999729337478918, 0.9127241798885243, 0.9921656286532577, 0.7301919139417428, 0.9598696099413863, 0.8825924026913927, 0.991892582560131, 0.9913529377933747, 0.8343763820881067, 0.9421557428866295, 0.9982679313593735, 0.9989964599771962, 0.9677711665135167, 0.9887348234013273, 0.5625467147644767, 0.9989074378341464, 0.9967136634022706, 0.5691206574392161, 0.9873153722876293, 0.21792406441469037, 0.7270733068763509, 0.9992128327526713, 0.9390125127770066, 0.4794458222913796], "coherence_type": "c_v", "num_topics": 163}