{"num_topics": 163, "avg_topic_diversity": 9.94478527607362, "total_unique_words": 942, "topic_size_std": 49.52644654498498, "topic_size_cv": 1.2512105993230862, "doc_coverage": 0.691977691977692, "avg_topic_size": 39.58282208588957, "topic_sizes": [545, 238, 176, 171, 122, 117, 91, 89, 74, 73, 68, 68, 66, 66, 65, 63, 63, 62, 62, 62, 59, 59, 57, 56, 55, 55, 55, 54, 51, 51, 49, 48, 48, 48, 47, 47, 46, 46, 46, 45, 44, 44, 44, 43, 42, 42, 42, 42, 42, 41, 41, 40, 40, 40, 39, 39, 38, 38, 38, 38, 37, 37, 37, 37, 36, 36, 36, 35, 35, 35, 35, 34, 34, 34, 34, 34, 34, 34, 33, 33, 32, 32, 32, 31, 31, 31, 30, 29, 29, 29, 28, 28, 28, 27, 27, 27, 27, 27, 25, 25, 25, 24, 24, 24, 23, 23, 22, 22, 22, 21, 20, 20, 20, 19, 19, 19, 19, 19, 17, 17, 17, 17, 17, 17, 16, 16, 16, 16, 16, 15, 15, 15, 15, 14, 14, 14, 14, 14, 14, 13, 13, 13, 13, 13, 13, 13, 12, 12, 12, 12, 12, 12, 12, 12, 12, 11, 11, 11, 11, 11, 11, 11, 10], "topic_diversities": [10, 10, 10, 10, 10, 10, 10, 10, 10, 10, 10, 10, 10, 10, 10, 10, 10, 10, 10, 10, 10, 10, 10, 10, 10, 10, 10, 10, 10, 10, 10, 10, 7, 10, 10, 10, 10, 10, 10, 10, 10, 10, 10, 10, 10, 10, 10, 10, 10, 10, 10, 10, 10, 10, 10, 10, 10, 10, 10, 10, 10, 10, 10, 10, 10, 10, 10, 10, 10, 10, 10, 10, 10, 10, 10, 10, 10, 10, 10, 10, 10, 10, 10, 10, 10, 10, 10, 10, 10, 10, 7, 10, 10, 10, 10, 10, 10, 10, 10, 10, 10, 10, 10, 10, 10, 10, 10, 10, 10, 10, 10, 10, 10, 10, 10, 10, 10, 10, 10, 10, 10, 10, 10, 10, 10, 10, 10, 10, 10, 10, 10, 10, 10, 10, 10, 10, 10, 10, 10, 10, 10, 10, 10, 10, 10, 10, 10, 10, 10, 10, 10, 10, 7, 10, 10, 10, 10, 10, 10, 10, 10, 10, 10]}